{
  "21": {
    "FI-21005-0000": [47.174793, 5.165119, ""],
    "FI-21035-0000": [47.066047, 5.099449, ""]
  },
  "71": {
    "FI-71001-0001": [46.500000, 4.000000, "LABEL A"],
    "FI-71002-0002": [46.600000, 4.100000, "LABEL B"]
  }
}
